id,date,home_team,home_team_score,visit_team,visit_team_score
400277722,2016/10/30,Miami Heat,120,Boston Celtics,107
400277737,2016/11/2,Boston Celtics,88,Milwaukee Bucks,99
400277747,2016/11/3,Washington Wizards,86,Boston Celtics,89
400277774,2016/11/7,Boston Celtics,100,Washington Wizards,94
400277790,2016/11/9,Boston Celtics,100,Philadelphia 76ers,106
400277806,2016/11/10,Milwaukee Bucks,92,Boston Celtics,96
400277818,2016/11/12,Chicago Bulls,95,Boston Celtics,101
400277830,2016/11/14,Boston Celtics,98,Utah Jazz,93
400277839,2016/11/15,Brooklyn Nets,102,Boston Celtics,97
400277851,2016/11/17,Boston Celtics,107,Toronto Raptors,89
400277864,2016/11/18,Detroit Pistons,103,Boston Celtics,83
400277881,2016/11/21,Boston Celtics,100,San Antonio Spurs,112
400277893,2016/11/23,Boston Celtics,108,Oklahoma City Thunder,100
400277915,2016/11/25,Orlando Magic,110,Boston Celtics,116
400277931,2016/11/28,Boston Celtics,83,Brooklyn Nets,95
400277945,2016/11/30,Boston Celtics,96,Portland Trail Blazers,78
400277958,2016/12/1,Milwaukee Bucks,91,Boston Celtics,88
400277979,2016/12/5,Boston Celtics,104,Minnesota Timberwolves,94
400277990,2016/12/7,Philadelphia 76ers,95,Boston Celtics,94
400278005,2016/12/8,Boston Celtics,92,Philadelphia 76ers,79
400278035,2016/12/12,Boston Celtics,117,Dallas Mavericks,115
400278052,2016/12/14,Houston Rockets,101,Boston Celtics,89
400278064,2016/12/15,San Antonio Spurs,103,Boston Celtics,88
400278080,2016/12/18,Chicago Bulls,100,Boston Celtics,89
400278090,2016/12/19,Boston Celtics,103,Cleveland Cavaliers,91
400278102,2016/12/21,Boston Celtics,94,Milwaukee Bucks,99
400278125,2016/12/25,Brooklyn Nets,76,Boston Celtics,93
400278144,2016/12/27,Los Angeles Clippers,106,Boston Celtics,77
400278167,2016/12/29,Golden State Warriors,101,Boston Celtics,83
400278170,2016/12/30,Sacramento Kings,118,Boston Celtics,96
400278188,2016/1/2,Boston Celtics,83,Memphis Grizzlies,93
400278203,2016/1/4,Boston Celtics,94,Indiana Pacers,75
400278209,2016/1/5,Atlanta Hawks,81,Boston Celtics,89
400278225,2016/1/7,New York Knicks,96,Boston Celtics,102
400278239,2016/1/9,Boston Celtics,87,Phoenix Suns,79
400278251,2016/1/11,Boston Celtics,103,Houston Rockets,91
400278277,2016/1/14,Boston Celtics,100,Charlotte Bobcats,89
400278293,2016/1/16,Boston Celtics,78,New Orleans Hornets,90
400278304,2016/1/18,Boston Celtics,99,Chicago Bulls,100
400278323,2016/1/20,Detroit Pistons,103,Boston Celtics,88
400278334,2016/1/22,Cleveland Cavaliers,95,Boston Celtics,90
400278350,2016/1/24,Boston Celtics,86,New York Knicks,89
400278353,2016/1/25,Atlanta Hawks,123,Boston Celtics,111
400278372,2016/1/27,Boston Celtics,100,Miami Heat,98
400278392,2016/1/30,Boston Celtics,99,Sacramento Kings,81
400278406,2016/2/1,Boston Celtics,97,Orlando Magic,84
400278425,2016/2/3,Boston Celtics,106,Los Angeles Clippers,104
400278440,2016/2/6,Toronto Raptors,95,Boston Celtics,99
400278453,2016/2/7,Boston Celtics,116,Los Angeles Lakers,95
400278474,2016/2/10,Boston Celtics,118,Denver Nuggets,114
400278482,2016/2/11,Charlotte Bobcats,94,Boston Celtics,91
400278498,2016/2/13,Boston Celtics,71,Chicago Bulls,69
400278514,2016/2/19,Denver Nuggets,97,Boston Celtics,90
400278527,2016/2/20,Los Angeles Lakers,113,Boston Celtics,99
400278540,2016/2/22,Phoenix Suns,88,Boston Celtics,113
400278557,2016/2/24,Portland Trail Blazers,92,Boston Celtics,86
400278562,2016/2/25,Utah Jazz,107,Boston Celtics,110
400278587,2016/3/1,Boston Celtics,94,Golden State Warriors,86
400278616,2016/3/5,Philadelphia 76ers,101,Boston Celtics,109
400278621,2016/3/6,Indiana Pacers,81,Boston Celtics,83
400278637,2016/3/8,Boston Celtics,107,Atlanta Hawks,102
400278654,2016/3/10,Oklahoma City Thunder,91,Boston Celtics,79
400278668,2016/3/12,Charlotte Bobcats,100,Boston Celtics,74
400278679,2016/3/13,Boston Celtics,112,Toronto Raptors,88
400278700,2016/3/16,Boston Celtics,105,Charlotte Bobcats,88
400278718,2016/3/18,Boston Celtics,103,Miami Heat,105
400278733,2016/3/20,New Orleans Hornets,87,Boston Celtics,86
400278749,2016/3/22,Dallas Mavericks,104,Boston Celtics,94
400278756,2016/3/23,Memphis Grizzlies,110,Boston Celtics,106
400278774,2016/3/26,Boston Celtics,85,New York Knicks,100
400278780,2016/3/27,Cleveland Cavaliers,92,Boston Celtics,93
400278795,2016/3/29,Boston Celtics,118,Atlanta Hawks,107
400278819,2016/3/31,New York Knicks,108,Boston Celtics,89
400278825,2016/4/1,Minnesota Timberwolves,110,Boston Celtics,100
400278835,2016/4/3,Boston Celtics,98,Detroit Pistons,93
400278847,2016/4/5,Boston Celtics,91,Cleveland Cavaliers,97
400278867,2016/4/7,Boston Celtics,107,Washington Wizards,96
400277749,2016/11/3,Brooklyn Nets,107,Toronto Raptors,100
400277763,2016/11/5,Brooklyn Nets,96,Minnesota Timberwolves,107
400277776,2016/11/7,Miami Heat,103,Brooklyn Nets,73
400277789,2016/11/9,Orlando Magic,68,Brooklyn Nets,107
400277810,2016/11/11,Brooklyn Nets,82,Orlando Magic,74
400277826,2016/11/13,Brooklyn Nets,114,Cleveland Cavaliers,101
400277862,2016/11/18,Sacramento Kings,90,Brooklyn Nets,99
400277876,2016/11/20,Los Angeles Lakers,95,Brooklyn Nets,90
400277890,2016/11/21,Golden State Warriors,102,Brooklyn Nets,93
400277894,2016/11/23,Brooklyn Nets,86,Los Angeles Clippers,76
400277913,2016/11/25,Brooklyn Nets,98,Portland Trail Blazers,85
400431053,2016/11/26,Brooklyn Nets,96,New York Knicks,89
400277944,2016/11/30,Orlando Magic,86,Brooklyn Nets,98
400277953,2016/12/1,Miami Heat,102,Brooklyn Nets,89
400277973,2016/12/4,Brooklyn Nets,111,Oklahoma City Thunder,117
400277992,2016/12/7,Brooklyn Nets,102,Golden State Warriors,109
400278013,2016/12/9,Brooklyn Nets,88,Milwaukee Bucks,97
400278024,2016/12/11,Brooklyn Nets,97,New York Knicks,100
400278029,2016/12/12,Toronto Raptors,88,Brooklyn Nets,94
400278048,2016/12/14,Brooklyn Nets,107,Detroit Pistons,105
400278061,2016/12/15,Chicago Bulls,83,Brooklyn Nets,82
400278078,2016/12/18,Brooklyn Nets,90,Utah Jazz,92
400278087,2016/12/19,New York Knicks,100,Brooklyn Nets,86
400278119,2016/12/23,Brooklyn Nets,95,Philadelphia 76ers,92
400278135,2016/12/26,Milwaukee Bucks,108,Brooklyn Nets,93
400278147,2016/12/28,Brooklyn Nets,97,Charlotte Bobcats,81
400278160,2016/12/29,Brooklyn Nets,103,Cleveland Cavaliers,100
400278177,2016/12/31,San Antonio Spurs,104,Brooklyn Nets,73
400278192,2016/1/2,Oklahoma City Thunder,93,Brooklyn Nets,110
400278199,2016/1/4,Washington Wizards,113,Brooklyn Nets,115
400278212,2016/1/5,Brooklyn Nets,113,Sacramento Kings,93
400278231,2016/1/8,Philadelphia 76ers,89,Brooklyn Nets,109
400278252,2016/1/11,Brooklyn Nets,99,Phoenix Suns,79
400278271,2016/1/13,Brooklyn Nets,97,Indiana Pacers,86
400278286,2016/1/15,Brooklyn Nets,113,Toronto Raptors,106
400278292,2016/1/16,Atlanta Hawks,109,Brooklyn Nets,95
400278308,2016/1/18,Brooklyn Nets,94,Atlanta Hawks,89
400278329,2016/1/21,New York Knicks,85,Brooklyn Nets,88
400278343,2016/1/23,Minnesota Timberwolves,83,Brooklyn Nets,91
400278357,2016/1/25,Memphis Grizzlies,101,Brooklyn Nets,77
400278366,2016/1/26,Houston Rockets,119,Brooklyn Nets,106
400278382,2016/1/28,Brooklyn Nets,97,Orlando Magic,77
400278395,2016/1/30,Brooklyn Nets,85,Miami Heat,105
400278407,2016/2/1,Brooklyn Nets,93,Chicago Bulls,89
400278436,2016/2/5,Brooklyn Nets,83,Los Angeles Lakers,92
400278447,2016/2/6,Detroit Pistons,90,Brooklyn Nets,93
400278455,2016/2/8,Washington Wizards,89,Brooklyn Nets,74
400278478,2016/2/10,Brooklyn Nets,86,San Antonio Spurs,111
400278484,2016/2/11,Indiana Pacers,84,Brooklyn Nets,89
400278499,2016/2/13,Brooklyn Nets,119,Denver Nuggets,108
400278511,2016/2/19,Brooklyn Nets,113,Milwaukee Bucks,111
400278523,2016/2/20,Milwaukee Bucks,94,Brooklyn Nets,97
400278535,2016/2/22,Brooklyn Nets,96,Houston Rockets,106
400278551,2016/2/24,Brooklyn Nets,72,Memphis Grizzlies,76
400278567,2016/2/26,New Orleans Hornets,97,Brooklyn Nets,101
400278590,2016/3/1,Brooklyn Nets,90,Dallas Mavericks,98
400278597,2016/3/2,Chicago Bulls,96,Brooklyn Nets,85
400278619,2016/3/6,Charlotte Bobcats,78,Brooklyn Nets,99
400278638,2016/3/8,Brooklyn Nets,95,Washington Wizards,78
400278647,2016/3/9,Atlanta Hawks,80,Brooklyn Nets,93
400278663,2016/3/11,Philadelphia 76ers,106,Brooklyn Nets,97
400278671,2016/3/12,Brooklyn Nets,108,New Orleans Hornets,98
400278711,2016/3/17,Brooklyn Nets,93,Atlanta Hawks,105
400278717,2016/3/18,Detroit Pistons,82,Brooklyn Nets,119
400278735,2016/3/20,Dallas Mavericks,96,Brooklyn Nets,113
400278758,2016/3/23,Los Angeles Clippers,101,Brooklyn Nets,95
400278766,2016/3/24,Phoenix Suns,100,Brooklyn Nets,102
400278790,2016/3/27,Portland Trail Blazers,93,Brooklyn Nets,111
400278803,2016/3/29,Denver Nuggets,109,Brooklyn Nets,87
400278811,2016/3/30,Utah Jazz,116,Brooklyn Nets,107
400278834,2016/4/3,Cleveland Cavaliers,95,Brooklyn Nets,113
400278843,2016/4/4,Brooklyn Nets,90,Chicago Bulls,92
400278859,2016/4/6,Brooklyn Nets,105,Charlotte Bobcats,96
400277740,2016/11/2,New York Knicks,104,Miami Heat,84
400277757,2016/11/4,New York Knicks,100,Philadelphia 76ers,84
400277762,2016/11/5,Philadelphia 76ers,88,New York Knicks,110
400277791,2016/11/9,New York Knicks,104,Dallas Mavericks,94
400277824,2016/11/13,Orlando Magic,89,New York Knicks,99
400277840,2016/11/15,San Antonio Spurs,100,New York Knicks,104
400277847,2016/11/16,Memphis Grizzlies,105,New York Knicks,95
400277859,2016/11/18,New York Knicks,88,Indiana Pacers,76
400277875,2016/11/20,New Orleans Hornets,80,New York Knicks,102
400277887,2016/11/21,Dallas Mavericks,114,New York Knicks,111
400277898,2016/11/23,Houston Rockets,131,New York Knicks,103
400277912,2016/11/25,New York Knicks,121,Detroit Pistons,100
400277935,2016/11/28,Milwaukee Bucks,88,New York Knicks,102
400277946,2016/11/30,New York Knicks,108,Washington Wizards,87
400277963,2016/12/2,New York Knicks,106,Phoenix Suns,99
400277977,2016/12/5,Charlotte Bobcats,98,New York Knicks,100
400277988,2016/12/6,Miami Heat,92,New York Knicks,112
400278008,2016/12/8,Chicago Bulls,93,New York Knicks,85
400278015,2016/12/9,New York Knicks,112,Denver Nuggets,106
400278043,2016/12/13,New York Knicks,116,Los Angeles Lakers,107
400278058,2016/12/15,New York Knicks,103,Cleveland Cavaliers,102
400278071,2016/12/17,New York Knicks,96,Houston Rockets,109
400278103,2016/12/21,New York Knicks,106,Chicago Bulls,110
400278120,2016/12/23,New York Knicks,94,Minnesota Timberwolves,91
400278126,2016/12/25,Los Angeles Lakers,100,New York Knicks,94
400278141,2016/12/26,Phoenix Suns,97,New York Knicks,99
400278154,2016/12/28,Sacramento Kings,106,New York Knicks,105
400278179,2016/1/1,New York Knicks,100,Portland Trail Blazers,105
400278196,2016/1/3,New York Knicks,100,San Antonio Spurs,83
400278210,2016/1/5,Orlando Magic,106,New York Knicks,114
400278247,2016/1/10,Indiana Pacers,81,New York Knicks,76
400278254,2016/1/11,New York Knicks,101,Chicago Bulls,108
400278269,2016/1/13,New York Knicks,100,New Orleans Hornets,87
400278300,2016/1/17,Detroit Pistons,87,New York Knicks,102
400278363,2016/1/26,Philadelphia 76ers,97,New York Knicks,80
400278376,2016/1/27,New York Knicks,106,Atlanta Hawks,104
400278393,2016/1/30,New York Knicks,113,Orlando Magic,97
400278408,2016/2/1,New York Knicks,96,Milwaukee Bucks,86
400278417,2016/2/2,New York Knicks,120,Sacramento Kings,81
400278430,2016/2/4,New York Knicks,99,Detroit Pistons,85
400278442,2016/2/6,Washington Wizards,106,New York Knicks,96
400278465,2016/2/8,Minnesota Timberwolves,94,New York Knicks,100
400278472,2016/2/10,New York Knicks,88,Los Angeles Clippers,102
400278500,2016/2/13,New York Knicks,88,Toronto Raptors,92
400278521,2016/2/20,Indiana Pacers,125,New York Knicks,91
400278531,2016/2/22,Toronto Raptors,100,New York Knicks,98
400278555,2016/2/24,New York Knicks,99,Philadelphia 76ers,93
400278573,2016/2/27,New York Knicks,109,Golden State Warriors,105
400278585,2016/3/1,Washington Wizards,88,New York Knicks,96
400278600,2016/3/3,New York Knicks,93,Miami Heat,99
400278609,2016/3/4,Cleveland Cavaliers,97,New York Knicks,102
400278624,2016/3/6,Detroit Pistons,77,New York Knicks,87
400278633,2016/3/7,New York Knicks,94,Oklahoma City Thunder,95
400278648,2016/3/9,New York Knicks,113,Utah Jazz,84
400278667,2016/3/11,Golden State Warriors,92,New York Knicks,63
400278684,2016/3/13,Denver Nuggets,117,New York Knicks,94
400278688,2016/3/14,Portland Trail Blazers,105,New York Knicks,90
400278707,2016/3/17,Los Angeles Clippers,93,New York Knicks,80
400278723,2016/3/18,Utah Jazz,83,New York Knicks,90
400278730,2016/3/20,New York Knicks,106,Orlando Magic,94
400278742,2016/3/22,Toronto Raptors,94,New York Knicks,99
400278754,2016/3/23,New York Knicks,110,Toronto Raptors,84
400278781,2016/3/27,New York Knicks,108,Memphis Grizzlies,101
400278796,2016/3/29,New York Knicks,111,Charlotte Bobcats,102
400278829,2016/4/2,Miami Heat,90,New York Knicks,102
400278833,2016/4/3,Atlanta Hawks,82,New York Knicks,95
400278848,2016/4/5,New York Knicks,101,Milwaukee Bucks,83
400278865,2016/4/7,Oklahoma City Thunder,120,New York Knicks,125
400277725,2016/10/31,Philadelphia 76ers,84,Denver Nuggets,75
400277778,2016/11/7,New Orleans Hornets,62,Philadelphia 76ers,77
400277801,2016/11/10,Toronto Raptors,83,Philadelphia 76ers,93
400277816,2016/11/12,Philadelphia 76ers,96,Milwaukee Bucks,105
400277829,2016/11/14,Philadelphia 76ers,76,Detroit Pistons,94
400277842,2016/11/16,Philadelphia 76ers,99,Utah Jazz,93
400277861,2016/11/18,Philadelphia 76ers,86,Cleveland Cavaliers,79
400277874,2016/11/20,Philadelphia 76ers,106,Toronto Raptors,98
400277879,2016/11/21,Cleveland Cavaliers,92,Philadelphia 76ers,83
400277903,2016/11/24,Philadelphia 76ers,109,Oklahoma City Thunder,116
400277914,2016/11/25,Philadelphia 76ers,104,Phoenix Suns,101
400277924,2016/11/27,Philadelphia 76ers,100,Dallas Mavericks,98
400277943,2016/11/30,Charlotte Bobcats,98,Philadelphia 76ers,104
400277955,2016/12/1,Chicago Bulls,93,Philadelphia 76ers,88
400277971,2016/12/4,Philadelphia 76ers,88,Minnesota Timberwolves,105
400278018,2016/12/10,Philadelphia 76ers,104,Detroit Pistons,97
400278032,2016/12/12,Philadelphia 76ers,89,Chicago Bulls,96
400278047,2016/12/14,Indiana Pacers,95,Philadelphia 76ers,85
400278067,2016/12/16,Philadelphia 76ers,98,Los Angeles Lakers,111
400278082,2016/12/18,Dallas Mavericks,107,Philadelphia 76ers,100
400278092,2016/12/19,Houston Rockets,125,Philadelphia 76ers,103
400278101,2016/12/21,Philadelphia 76ers,99,Atlanta Hawks,80
400278136,2016/12/26,Memphis Grizzlies,89,Philadelphia 76ers,99
400278156,2016/12/28,Golden State Warriors,96,Philadelphia 76ers,89
400278166,2016/12/29,Portland Trail Blazers,89,Philadelphia 76ers,85
400278183,2016/1/1,Los Angeles Lakers,99,Philadelphia 76ers,103
400278194,2016/1/2,Phoenix Suns,95,Philadelphia 76ers,89
400278205,2016/1/4,Oklahoma City Thunder,109,Philadelphia 76ers,85
400278216,2016/1/5,San Antonio Spurs,109,Philadelphia 76ers,86
400278236,2016/1/9,Toronto Raptors,90,Philadelphia 76ers,72
400278264,2016/1/12,Philadelphia 76ers,107,Houston Rockets,100
400278284,2016/1/15,Philadelphia 76ers,99,New Orleans Hornets,111
400278305,2016/1/18,Philadelphia 76ers,108,Toronto Raptors,101
400278331,2016/1/21,Philadelphia 76ers,85,San Antonio Spurs,90
400278336,2016/1/22,Milwaukee Bucks,110,Philadelphia 76ers,102
400278380,2016/1/28,Philadelphia 76ers,100,Memphis Grizzlies,103
400278390,2016/1/30,Philadelphia 76ers,92,Washington Wizards,84
400278409,2016/2/1,Philadelphia 76ers,89,Sacramento Kings,80
400278428,2016/2/4,Philadelphia 76ers,78,Orlando Magic,61
400278441,2016/2/6,Philadelphia 76ers,69,Indiana Pacers,88
400278468,2016/2/9,Philadelphia 76ers,87,Charlotte Bobcats,76
400278481,2016/2/11,Philadelphia 76ers,90,Los Angeles Clippers,107
400278502,2016/2/13,Milwaukee Bucks,94,Philadelphia 76ers,92
400278525,2016/2/20,Minnesota Timberwolves,94,Philadelphia 76ers,87
400278546,2016/2/23,Philadelphia 76ers,90,Miami Heat,114
400278563,2016/2/26,Philadelphia 76ers,84,Orlando Magic,98
400278582,2016/2/28,Chicago Bulls,93,Philadelphia 76ers,82
400278596,2016/3/2,Philadelphia 76ers,104,Golden State Warriors,97
400278602,2016/3/3,Washington Wizards,90,Philadelphia 76ers,87
400278622,2016/3/6,Atlanta Hawks,107,Philadelphia 76ers,96
400278641,2016/3/8,Miami Heat,102,Philadelphia 76ers,93
400278657,2016/3/10,Orlando Magic,99,Philadelphia 76ers,91
400278676,2016/3/13,Philadelphia 76ers,94,Miami Heat,98
400278701,2016/3/16,Philadelphia 76ers,98,Indiana Pacers,91
400278713,2016/3/18,Philadelphia 76ers,101,Portland Trail Blazers,100
400278738,2016/3/20,Los Angeles Clippers,101,Philadelphia 76ers,72
400278740,2016/3/21,Denver Nuggets,101,Philadelphia 76ers,100
400278767,2016/3/24,Sacramento Kings,103,Philadelphia 76ers,117
400278772,2016/3/25,Utah Jazz,107,Philadelphia 76ers,91
400278778,2016/3/27,Philadelphia 76ers,100,Milwaukee Bucks,92
400278798,2016/3/29,Cleveland Cavaliers,87,Philadelphia 76ers,97
400278807,2016/3/30,Philadelphia 76ers,100,Charlotte Bobcats,92
400278832,2016/4/3,Charlotte Bobcats,88,Philadelphia 76ers,83
400278849,2016/4/5,Atlanta Hawks,90,Philadelphia 76ers,101
400278860,2016/4/6,Miami Heat,106,Philadelphia 76ers,87
400277724,2016/10/31,Toronto Raptors,88,Indiana Pacers,90
400277758,2016/11/4,Toronto Raptors,105,Minnesota Timberwolves,86
400277771,2016/11/6,Oklahoma City Thunder,108,Toronto Raptors,88
400277781,2016/11/7,Dallas Mavericks,109,Toronto Raptors,104
400277815,2016/11/12,Toronto Raptors,133,Utah Jazz,140
400277825,2016/11/13,Indiana Pacers,72,Toronto Raptors,74
400277860,2016/11/18,Toronto Raptors,97,Orlando Magic,86
400277877,2016/11/21,Charlotte Bobcats,98,Toronto Raptors,97
400277895,2016/11/23,Detroit Pistons,91,Toronto Raptors,90
400277911,2016/11/25,Toronto Raptors,106,San Antonio Spurs,111
400277926,2016/11/27,Houston Rockets,117,Toronto Raptors,101
400277936,2016/11/28,Memphis Grizzlies,103,Toronto Raptors,82
400277942,2016/11/30,Toronto Raptors,101,Phoenix Suns,97
400277968,2016/12/3,Denver Nuggets,113,Toronto Raptors,110
400277986,2016/12/5,Sacramento Kings,107,Toronto Raptors,100
400277999,2016/12/7,Utah Jazz,131,Toronto Raptors,99
400278012,2016/12/9,Los Angeles Clippers,102,Toronto Raptors,83
400278023,2016/12/10,Portland Trail Blazers,92,Toronto Raptors,74
400278045,2016/12/14,Toronto Raptors,95,Dallas Mavericks,74
400278066,2016/12/16,Toronto Raptors,103,Houston Rockets,96
400278077,2016/12/18,Cleveland Cavaliers,99,Toronto Raptors,113
400278086,2016/12/19,Toronto Raptors,97,Detroit Pistons,91
400278100,2016/12/21,Toronto Raptors,93,Orlando Magic,90
400278138,2016/12/26,San Antonio Spurs,100,Toronto Raptors,80
400278150,2016/12/28,New Orleans Hornets,97,Toronto Raptors,104
400278159,2016/12/29,Orlando Magic,88,Toronto Raptors,123
400278184,2016/1/2,Toronto Raptors,102,Portland Trail Blazers,79
400278198,2016/1/4,Toronto Raptors,96,Sacramento Kings,105
400278219,2016/1/6,Toronto Raptors,92,Oklahoma City Thunder,104
400278250,2016/1/11,Toronto Raptors,99,Charlotte Bobcats,78
400278270,2016/1/13,Toronto Raptors,96,Milwaukee Bucks,107
400278290,2016/1/16,Toronto Raptors,105,Chicago Bulls,107
400278321,2016/1/20,Toronto Raptors,108,Los Angeles Lakers,103
400278339,2016/1/23,Miami Heat,123,Toronto Raptors,116
400278349,2016/1/24,Orlando Magic,95,Toronto Raptors,97
400278362,2016/1/26,Toronto Raptors,98,Cleveland Cavaliers,99
400278379,2016/1/28,Toronto Raptors,102,Golden State Warriors,114
400278394,2016/1/30,Atlanta Hawks,93,Toronto Raptors,92
400278404,2016/2/1,Toronto Raptors,98,Los Angeles Clippers,73
400278427,2016/2/3,Toronto Raptors,85,Miami Heat,100
400278457,2016/2/8,Indiana Pacers,98,Toronto Raptors,100
400278475,2016/2/10,Toronto Raptors,102,New Orleans Hornets,89
400278489,2016/2/12,Toronto Raptors,109,Denver Nuggets,108
400278509,2016/2/19,Washington Wizards,88,Toronto Raptors,96
400278518,2016/2/20,Toronto Raptors,82,Memphis Grizzlies,88
400278559,2016/2/25,Toronto Raptors,84,Washington Wizards,90
400278572,2016/2/27,Cleveland Cavaliers,103,Toronto Raptors,92
400278584,2016/3/1,Toronto Raptors,81,Indiana Pacers,93
400278598,2016/3/2,Milwaukee Bucks,122,Toronto Raptors,114
400278615,2016/3/4,Golden State Warriors,125,Toronto Raptors,118
400278630,2016/3/6,Phoenix Suns,71,Toronto Raptors,98
400278645,2016/3/8,Los Angeles Lakers,118,Toronto Raptors,116
400278656,2016/3/10,Toronto Raptors,100,Cleveland Cavaliers,96
400278689,2016/3/15,Toronto Raptors,92,Charlotte Bobcats,78
400278705,2016/3/17,Toronto Raptors,91,Miami Heat,108
400278728,2016/3/20,Charlotte Bobcats,107,Toronto Raptors,101
400278777,2016/3/27,Toronto Raptors,88,Atlanta Hawks,107
400278797,2016/3/29,Detroit Pistons,82,Toronto Raptors,99
400278815,2016/3/31,Washington Wizards,109,Toronto Raptors,92
400278820,2016/4/1,Toronto Raptors,98,Detroit Pistons,108
400278831,2016/4/3,Toronto Raptors,88,Washington Wizards,78
400278852,2016/4/5,Minnesota Timberwolves,93,Toronto Raptors,95
400278862,2016/4/6,Milwaukee Bucks,100,Toronto Raptors,83
400277730,2016/10/31,Phoenix Suns,85,Golden State Warriors,87
400277746,2016/11/2,Golden State Warriors,94,Memphis Grizzlies,104
400277756,2016/11/3,Los Angeles Clippers,110,Golden State Warriors,114
400277768,2016/11/5,Sacramento Kings,94,Golden State Warriors,92
400277785,2016/11/7,Golden State Warriors,106,Cleveland Cavaliers,96
400277800,2016/11/9,Los Angeles Lakers,101,Golden State Warriors,77
400277809,2016/11/10,Golden State Warriors,101,Denver Nuggets,107
400277838,2016/11/14,Golden State Warriors,92,Atlanta Hawks,88
400277846,2016/11/16,Minnesota Timberwolves,98,Golden State Warriors,106
400277863,2016/11/18,Oklahoma City Thunder,119,Golden State Warriors,109
400277871,2016/11/19,Dallas Mavericks,101,Golden State Warriors,105
400277899,2016/11/23,Denver Nuggets,102,Golden State Warriors,91
400277910,2016/11/24,Golden State Warriors,96,Minnesota Timberwolves,85
400277941,2016/11/29,Golden State Warriors,106,Denver Nuggets,105
400277962,2016/12/1,Golden State Warriors,103,Indiana Pacers,92
400277970,2016/12/3,Golden State Warriors,94,Orlando Magic,102
400277981,2016/12/5,Detroit Pistons,97,Golden State Warriors,104
400278003,2016/12/8,Washington Wizards,97,Golden State Warriors,101
400278019,2016/12/10,Charlotte Bobcats,96,Golden State Warriors,104
400278034,2016/12/12,Miami Heat,95,Golden State Warriors,97
400278050,2016/12/14,Orlando Magic,99,Golden State Warriors,85
400278057,2016/12/15,Atlanta Hawks,93,Golden State Warriors,115
400278085,2016/12/18,Golden State Warriors,103,New Orleans Hornets,96
400278095,2016/12/19,Sacramento Kings,131,Golden State Warriors,127
400278109,2016/12/21,Golden State Warriors,115,Charlotte Bobcats,100
400278118,2016/12/22,Golden State Warriors,115,Los Angeles Lakers,118
400278140,2016/12/26,Utah Jazz,83,Golden State Warriors,94
400278195,2016/1/2,Golden State Warriors,115,Los Angeles Clippers,94
400278218,2016/1/5,Los Angeles Clippers,115,Golden State Warriors,89
400278246,2016/1/9,Golden State Warriors,87,Memphis Grizzlies,94
400278260,2016/1/11,Golden State Warriors,103,Portland Trail Blazers,97
400278273,2016/1/13,Denver Nuggets,116,Golden State Warriors,105
400278299,2016/1/16,Golden State Warriors,75,Miami Heat,92
400278310,2016/1/18,San Antonio Spurs,95,Golden State Warriors,88
400278316,2016/1/19,New Orleans Hornets,112,Golden State Warriors,116
400278330,2016/1/21,Golden State Warriors,106,Los Angeles Clippers,99
400278348,2016/1/23,Golden State Warriors,104,Oklahoma City Thunder,99
400278356,2016/1/25,Chicago Bulls,103,Golden State Warriors,87
400278367,2016/1/26,Milwaukee Bucks,109,Golden State Warriors,102
400278386,2016/1/29,Cleveland Cavaliers,95,Golden State Warriors,108
400278403,2016/1/31,Golden State Warriors,100,Dallas Mavericks,97
400278424,2016/2/2,Golden State Warriors,113,Phoenix Suns,93
400278438,2016/2/5,Houston Rockets,140,Golden State Warriors,109
400278449,2016/2/6,Oklahoma City Thunder,119,Golden State Warriors,98
400278462,2016/2/8,Memphis Grizzlies,99,Golden State Warriors,93
400278470,2016/2/9,Dallas Mavericks,116,Golden State Warriors,91
400278494,2016/2/12,Golden State Warriors,107,Houston Rockets,116
400278515,2016/2/19,Utah Jazz,115,Golden State Warriors,101
400278528,2016/2/20,Golden State Warriors,108,Phoenix Suns,98
400278542,2016/2/22,Golden State Warriors,107,San Antonio Spurs,101
400278552,2016/2/24,Minnesota Timberwolves,99,Golden State Warriors,100
400278564,2016/2/26,Indiana Pacers,108,Golden State Warriors,97
400278632,2016/3/6,Golden State Warriors,87,Sacramento Kings,83
400278646,2016/3/8,Golden State Warriors,88,Houston Rockets,94
400278653,2016/3/9,Golden State Warriors,93,Milwaukee Bucks,103
400278686,2016/3/13,Golden State Warriors,105,Detroit Pistons,97
400278698,2016/3/15,Golden State Warriors,95,Chicago Bulls,113
400278708,2016/3/17,Houston Rockets,78,Golden State Warriors,108
400278721,2016/3/18,New Orleans Hornets,72,Golden State Warriors,93
400278736,2016/3/20,San Antonio Spurs,104,Golden State Warriors,93
400278759,2016/3/23,Golden State Warriors,101,Washington Wizards,92
400278773,2016/3/25,Golden State Warriors,109,Los Angeles Lakers,103
400278789,2016/3/27,Golden State Warriors,98,Sacramento Kings,105
400278814,2016/3/30,Golden State Warriors,125,Portland Trail Blazers,98
400278842,2016/4/3,Golden State Warriors,98,New Orleans Hornets,88
400278854,2016/4/5,Phoenix Suns,107,Golden State Warriors,111
400278871,2016/4/7,Golden State Warriors,90,Utah Jazz,97
400277731,2016/10/31,Los Angeles Clippers,101,Memphis Grizzlies,92
400277745,2016/11/2,Los Angeles Lakers,95,Los Angeles Clippers,105
400277769,2016/11/5,Los Angeles Clippers,101,Cleveland Cavaliers,108
400277784,2016/11/7,Los Angeles Clippers,106,San Antonio Spurs,84
400277787,2016/11/8,Portland Trail Blazers,90,Los Angeles Clippers,103
400277811,2016/11/11,Los Angeles Clippers,89,Atlanta Hawks,76
400277837,2016/11/14,Los Angeles Clippers,107,Miami Heat,100
400277852,2016/11/17,Los Angeles Clippers,101,Chicago Bulls,80
400277872,2016/11/19,San Antonio Spurs,87,Los Angeles Clippers,92
400277884,2016/11/21,Oklahoma City Thunder,117,Los Angeles Clippers,111
400277905,2016/11/24,Atlanta Hawks,104,Los Angeles Clippers,93
400277923,2016/11/26,Los Angeles Clippers,98,New Orleans Hornets,105
400277939,2016/11/28,Los Angeles Clippers,101,Minnesota Timberwolves,95
400277961,2016/12/1,Los Angeles Clippers,116,Sacramento Kings,81
400277969,2016/12/3,Utah Jazz,104,Los Angeles Clippers,105
400277987,2016/12/5,Los Angeles Clippers,112,Dallas Mavericks,90
400278002,2016/12/8,Los Angeles Clippers,117,Phoenix Suns,99
400278028,2016/12/11,Chicago Bulls,89,Los Angeles Clippers,94
400278033,2016/12/12,Charlotte Bobcats,94,Los Angeles Clippers,100
400278063,2016/12/15,Milwaukee Bucks,85,Los Angeles Clippers,111
400278072,2016/12/17,Detroit Pistons,76,Los Angeles Clippers,88
400278096,2016/12/19,Los Angeles Clippers,93,New Orleans Hornets,77
400278108,2016/12/21,Los Angeles Clippers,97,Sacramento Kings,85
400278123,2016/12/23,Phoenix Suns,77,Los Angeles Clippers,103
400278129,2016/12/25,Los Angeles Clippers,112,Denver Nuggets,100
400278153,2016/12/28,Utah Jazz,114,Los Angeles Clippers,116
400278171,2016/12/30,Los Angeles Clippers,107,Utah Jazz,96
400278182,2016/1/1,Denver Nuggets,92,Los Angeles Clippers,78
400278208,2016/1/4,Los Angeles Clippers,107,Los Angeles Lakers,102
400278245,2016/1/9,Los Angeles Clippers,99,Dallas Mavericks,93
400278261,2016/1/12,Los Angeles Clippers,101,Orlando Magic,104
400278279,2016/1/14,Memphis Grizzlies,73,Los Angeles Clippers,99
400278287,2016/1/15,Houston Rockets,109,Los Angeles Clippers,117
400278301,2016/1/17,Minnesota Timberwolves,77,Los Angeles Clippers,90
400278320,2016/1/19,Los Angeles Clippers,94,Washington Wizards,87
400278337,2016/1/22,Los Angeles Clippers,97,Oklahoma City Thunder,109
400278351,2016/1/24,Phoenix Suns,93,Los Angeles Clippers,88
400278371,2016/1/26,Portland Trail Blazers,101,Los Angeles Clippers,100
400278378,2016/1/27,Los Angeles Clippers,96,Portland Trail Blazers,83
400278397,2016/1/30,Minnesota Timberwolves,90,Los Angeles Clippers,96
400278429,2016/2/4,Washington Wizards,98,Los Angeles Clippers,90
400278443,2016/2/6,Orlando Magic,76,Los Angeles Clippers,86
400278461,2016/2/8,Miami Heat,111,Los Angeles Clippers,89
400278506,2016/2/13,Los Angeles Clippers,106,Houston Rockets,96
400278508,2016/2/14,Los Angeles Lakers,101,Los Angeles Clippers,125
400278530,2016/2/21,Los Angeles Clippers,90,San Antonio Spurs,116
400278549,2016/2/23,Los Angeles Clippers,107,Utah Jazz,94
400278570,2016/2/26,Los Angeles Clippers,106,Charlotte Bobcats,84
400278581,2016/2/28,Indiana Pacers,91,Los Angeles Clippers,99
400278589,2016/3/1,Cleveland Cavaliers,89,Los Angeles Clippers,105
400278601,2016/3/3,Los Angeles Clippers,104,Oklahoma City Thunder,108
400278631,2016/3/6,Los Angeles Clippers,117,Milwaukee Bucks,101
400278634,2016/3/7,Denver Nuggets,107,Los Angeles Clippers,92
400278662,2016/3/10,Los Angeles Clippers,129,Detroit Pistons,97
400278685,2016/3/13,Los Angeles Clippers,85,Memphis Grizzlies,96
400278727,2016/3/19,Sacramento Kings,116,Los Angeles Clippers,101
400278776,2016/3/26,Dallas Mavericks,109,Los Angeles Clippers,102
400278783,2016/3/27,New Orleans Hornets,91,Los Angeles Clippers,105
400278802,2016/3/29,San Antonio Spurs,104,Los Angeles Clippers,102
400278808,2016/3/30,Houston Rockets,98,Los Angeles Clippers,81
400278827,2016/4/1,Los Angeles Clippers,106,Indiana Pacers,109
400278841,2016/4/3,Los Angeles Clippers,126,Phoenix Suns,101
400278866,2016/4/7,Los Angeles Clippers,109,Los Angeles Lakers,95
400277723,2016/10/30,Los Angeles Lakers,91,Dallas Mavericks,99
400277732,2016/10/31,Portland Trail Blazers,116,Los Angeles Lakers,106
400277761,2016/11/4,Los Angeles Lakers,108,Detroit Pistons,79
400277782,2016/11/7,Utah Jazz,95,Los Angeles Lakers,86
400277814,2016/11/11,Los Angeles Lakers,103,Sacramento Kings,90
400277828,2016/11/13,Los Angeles Lakers,82,San Antonio Spurs,84
400277850,2016/11/16,Los Angeles Lakers,114,Phoenix Suns,102
400277866,2016/11/18,Los Angeles Lakers,119,Houston Rockets,108
400277889,2016/11/21,Sacramento Kings,113,Los Angeles Lakers,97
400277897,2016/11/23,Memphis Grizzlies,106,Los Angeles Lakers,98
400277907,2016/11/24,Dallas Mavericks,89,Los Angeles Lakers,115
400277928,2016/11/27,Los Angeles Lakers,77,Indiana Pacers,79
400277952,2016/11/30,Los Angeles Lakers,122,Denver Nuggets,103
400277964,2016/12/2,Los Angeles Lakers,103,Orlando Magic,113
400277976,2016/12/4,Houston Rockets,107,Los Angeles Lakers,105
400277983,2016/12/5,New Orleans Hornets,87,Los Angeles Lakers,103
400278000,2016/12/7,Oklahoma City Thunder,114,Los Angeles Lakers,108
400278017,2016/12/9,Los Angeles Lakers,110,Utah Jazz,117
400278025,2016/12/11,Cleveland Cavaliers,100,Los Angeles Lakers,94
400278046,2016/12/14,Washington Wizards,96,Los Angeles Lakers,102
400278084,2016/12/18,Los Angeles Lakers,101,Charlotte Bobcats,100
400278139,2016/12/26,Denver Nuggets,126,Los Angeles Lakers,114
400278155,2016/12/28,Los Angeles Lakers,104,Portland Trail Blazers,87
400278223,2016/1/6,Los Angeles Lakers,105,Denver Nuggets,112
400278234,2016/1/8,Houston Rockets,125,Los Angeles Lakers,112
400278242,2016/1/9,San Antonio Spurs,108,Los Angeles Lakers,105
400278259,2016/1/11,Los Angeles Lakers,101,Oklahoma City Thunder,116
400278275,2016/1/13,Los Angeles Lakers,113,Cleveland Cavaliers,93
400278289,2016/1/15,Los Angeles Lakers,104,Milwaukee Bucks,88
400278303,2016/1/17,Los Angeles Lakers,90,Miami Heat,99
400278332,2016/1/21,Chicago Bulls,95,Los Angeles Lakers,83
400278341,2016/1/23,Memphis Grizzlies,106,Los Angeles Lakers,93
400278361,2016/1/25,Los Angeles Lakers,102,Utah Jazz,84
400278373,2016/1/27,Los Angeles Lakers,105,Oklahoma City Thunder,96
400278389,2016/1/29,Los Angeles Lakers,111,New Orleans Hornets,106
400278401,2016/1/30,Phoenix Suns,92,Los Angeles Lakers,86
400278415,2016/2/1,Minnesota Timberwolves,100,Los Angeles Lakers,111
400278426,2016/2/3,Detroit Pistons,97,Los Angeles Lakers,98
400278456,2016/2/8,Charlotte Bobcats,93,Los Angeles Lakers,100
400278473,2016/2/10,Miami Heat,107,Los Angeles Lakers,97
400278493,2016/2/12,Los Angeles Lakers,91,Phoenix Suns,85
400278541,2016/2/22,Los Angeles Lakers,111,Portland Trail Blazers,107
400278550,2016/2/24,Dallas Mavericks,99,Los Angeles Lakers,103
400278561,2016/2/25,Denver Nuggets,119,Los Angeles Lakers,108
400278583,2016/2/28,Los Angeles Lakers,116,Minnesota Timberwolves,94
400278608,2016/3/3,Los Angeles Lakers,99,Atlanta Hawks,98
400278617,2016/3/5,Oklahoma City Thunder,122,Los Angeles Lakers,105
400278626,2016/3/6,New Orleans Hornets,102,Los Angeles Lakers,108
400278655,2016/3/10,Los Angeles Lakers,90,Chicago Bulls,81
400278669,2016/3/12,Orlando Magic,97,Los Angeles Lakers,106
400278680,2016/3/13,Atlanta Hawks,96,Los Angeles Lakers,92
400278691,2016/3/15,Indiana Pacers,93,Los Angeles Lakers,99
400278712,2016/3/17,Los Angeles Lakers,113,Sacramento Kings,102
400278722,2016/3/18,Phoenix Suns,99,Los Angeles Lakers,76
400278752,2016/3/22,Los Angeles Lakers,100,Washington Wizards,103
400278786,2016/3/27,Minnesota Timberwolves,117,Los Angeles Lakers,120
400278791,2016/3/28,Milwaukee Bucks,113,Los Angeles Lakers,103
400278813,2016/3/30,Sacramento Kings,98,Los Angeles Lakers,103
400278830,2016/4/2,Los Angeles Lakers,101,Dallas Mavericks,81
400278857,2016/4/5,Los Angeles Lakers,86,Memphis Grizzlies,84
400277744,2016/11/2,Phoenix Suns,92,Detroit Pistons,89
400277759,2016/11/4,Orlando Magic,115,Phoenix Suns,94
400277764,2016/11/5,Miami Heat,124,Phoenix Suns,99
400277773,2016/11/7,Charlotte Bobcats,110,Phoenix Suns,117
400277797,2016/11/9,Phoenix Suns,107,Cleveland Cavaliers,105
400277807,2016/11/10,Utah Jazz,94,Phoenix Suns,81
400277821,2016/11/12,Phoenix Suns,110,Denver Nuggets,100
400277836,2016/11/14,Phoenix Suns,106,Chicago Bulls,112
400277858,2016/11/17,Phoenix Suns,88,Miami Heat,97
400277888,2016/11/21,Phoenix Suns,114,Portland Trail Blazers,87
400277901,2016/11/23,Phoenix Suns,111,New Orleans Hornets,108
400277925,2016/11/27,Cleveland Cavaliers,78,Phoenix Suns,91
400277933,2016/11/28,Detroit Pistons,117,Phoenix Suns,77
400277975,2016/12/4,Memphis Grizzlies,108,Phoenix Suns,98
400277989,2016/12/6,Phoenix Suns,94,Dallas Mavericks,97
400278016,2016/12/9,Phoenix Suns,90,Orlando Magic,98
400278040,2016/12/12,Phoenix Suns,82,Memphis Grizzlies,80
400278054,2016/12/14,Phoenix Suns,99,Utah Jazz,84
400278075,2016/12/17,Phoenix Suns,101,Sacramento Kings,90
400278093,2016/12/19,Phoenix Suns,121,Charlotte Bobcats,104
400278117,2016/12/22,Portland Trail Blazers,96,Phoenix Suns,93
400278146,2016/12/28,Indiana Pacers,97,Phoenix Suns,91
400278164,2016/12/29,Minnesota Timberwolves,111,Phoenix Suns,107
400278176,2016/12/31,Oklahoma City Thunder,114,Phoenix Suns,96
400278207,2016/1/4,Phoenix Suns,80,Utah Jazz,87
400278222,2016/1/6,Phoenix Suns,81,Memphis Grizzlies,92
400278233,2016/1/8,Milwaukee Bucks,108,Phoenix Suns,99
400278266,2016/1/12,Chicago Bulls,81,Phoenix Suns,97
400278282,2016/1/14,Phoenix Suns,90,Oklahoma City Thunder,102
400278302,2016/1/17,Phoenix Suns,94,Milwaukee Bucks,98
400278346,2016/1/23,Sacramento Kings,96,Phoenix Suns,106
400278368,2016/1/26,San Antonio Spurs,108,Phoenix Suns,99
400278377,2016/1/27,Dallas Mavericks,110,Phoenix Suns,95
400278414,2016/2/1,Phoenix Suns,99,Dallas Mavericks,109
400278437,2016/2/5,Memphis Grizzlies,90,Phoenix Suns,96
400278448,2016/2/6,New Orleans Hornets,93,Phoenix Suns,84
400278464,2016/2/8,Oklahoma City Thunder,127,Phoenix Suns,96
400278479,2016/2/10,Phoenix Suns,69,Oklahoma City Thunder,97
400278517,2016/2/19,Portland Trail Blazers,98,Phoenix Suns,102
400278556,2016/2/24,Phoenix Suns,87,San Antonio Spurs,97
400278569,2016/2/26,Phoenix Suns,84,Minnesota Timberwolves,83
400278578,2016/2/27,San Antonio Spurs,101,Phoenix Suns,105
400278594,2016/3/1,Phoenix Suns,92,Atlanta Hawks,87
400278644,2016/3/8,Sacramento Kings,121,Phoenix Suns,112
400278652,2016/3/9,Phoenix Suns,107,Houston Rockets,105
400278666,2016/3/11,Phoenix Suns,93,Denver Nuggets,108
400278681,2016/3/13,Houston Rockets,111,Phoenix Suns,81
400278692,2016/3/15,Atlanta Hawks,107,Phoenix Suns,94
400278699,2016/3/16,Washington Wizards,127,Phoenix Suns,105
400278737,2016/3/20,Phoenix Suns,79,Washington Wizards,88
400278751,2016/3/22,Phoenix Suns,86,Minnesota Timberwolves,117
400278788,2016/3/27,Utah Jazz,103,Phoenix Suns,88
400278793,2016/3/28,Phoenix Suns,103,Sacramento Kings,117
400278812,2016/3/30,Phoenix Suns,104,Indiana Pacers,112
400278872,2016/4/7,Phoenix Suns,92,New Orleans Hornets,95
400277727,2016/10/31,Chicago Bulls,93,Sacramento Kings,87
400277743,2016/11/2,Minnesota Timberwolves,92,Sacramento Kings,80
400277748,2016/11/3,Indiana Pacers,106,Sacramento Kings,98
400277783,2016/11/7,Sacramento Kings,105,Detroit Pistons,103
400277798,2016/11/9,Sacramento Kings,86,San Antonio Spurs,97
400277827,2016/11/13,Sacramento Kings,86,Portland Trail Blazers,103
400277848,2016/11/16,Sacramento Kings,96,Atlanta Hawks,112
400277900,2016/11/23,Utah Jazz,104,Sacramento Kings,102
400277909,2016/11/24,Sacramento Kings,108,Utah Jazz,97
400277927,2016/11/27,Sacramento Kings,89,Minnesota Timberwolves,97
400277951,2016/11/30,Sacramento Kings,92,Indiana Pacers,97
400278001,2016/12/7,Sacramento Kings,91,Orlando Magic,82
400278011,2016/12/8,Portland Trail Blazers,80,Sacramento Kings,99
400278022,2016/12/10,Dallas Mavericks,119,Sacramento Kings,96
400278036,2016/12/12,Milwaukee Bucks,98,Sacramento Kings,85
400278053,2016/12/14,Oklahoma City Thunder,113,Sacramento Kings,103
400278068,2016/12/16,Sacramento Kings,97,Denver Nuggets,122
400278124,2016/12/23,Sacramento Kings,108,Portland Trail Blazers,96
400278142,2016/12/26,Portland Trail Blazers,109,Sacramento Kings,91
400278180,2016/1/1,Detroit Pistons,103,Sacramento Kings,97
400278186,2016/1/2,Cleveland Cavaliers,94,Sacramento Kings,97
400278229,2016/1/7,Sacramento Kings,81,Memphis Grizzlies,113
400278248,2016/1/10,Sacramento Kings,112,Dallas Mavericks,117
400278268,2016/1/12,Sacramento Kings,99,Miami Heat,128
400278283,2016/1/14,Sacramento Kings,124,Cleveland Cavaliers,118
400278297,2016/1/16,Sacramento Kings,95,Washington Wizards,94
400278309,2016/1/18,Memphis Grizzlies,85,Sacramento Kings,69
400278313,2016/1/19,Charlotte Bobcats,93,Sacramento Kings,97
400278326,2016/1/21,New Orleans Hornets,114,Sacramento Kings,105
400278360,2016/1/25,Sacramento Kings,95,Oklahoma City Thunder,105
400278369,2016/1/26,Denver Nuggets,121,Sacramento Kings,93
400278381,2016/1/28,Washington Wizards,94,Sacramento Kings,96
400278434,2016/2/4,Utah Jazz,98,Sacramento Kings,91
400278471,2016/2/9,Sacramento Kings,120,Utah Jazz,109
400278480,2016/2/10,Sacramento Kings,117,Houston Rockets,111
400278491,2016/2/12,Memphis Grizzlies,108,Sacramento Kings,101
400278505,2016/2/13,Dallas Mavericks,123,Sacramento Kings,100
400278516,2016/2/19,Sacramento Kings,102,San Antonio Spurs,108
400278536,2016/2/22,Atlanta Hawks,122,Sacramento Kings,108
400278554,2016/2/24,New Orleans Hornets,110,Sacramento Kings,95
400278565,2016/2/26,Miami Heat,141,Sacramento Kings,129
400278571,2016/2/27,Orlando Magic,101,Sacramento Kings,125
400278592,2016/3/1,San Antonio Spurs,130,Sacramento Kings,102
400278604,2016/3/3,Sacramento Kings,119,Charlotte Bobcats,83
400278618,2016/3/5,Sacramento Kings,113,Denver Nuggets,120
400278661,2016/3/10,Sacramento Kings,113,Milwaukee Bucks,115
400278683,2016/3/13,Sacramento Kings,121,Chicago Bulls,79
400278741,2016/3/21,Sacramento Kings,101,Minnesota Timberwolves,98
400278757,2016/3/23,Denver Nuggets,101,Sacramento Kings,95
400278839,2016/4/3,Sacramento Kings,102,Houston Rockets,112
400278855,2016/4/5,Sacramento Kings,108,Dallas Mavericks,117
400278869,2016/4/7,Sacramento Kings,87,Memphis Grizzlies,89
400277739,2016/11/2,Cleveland Cavaliers,86,Chicago Bulls,115
400277751,2016/11/3,Chicago Bulls,82,New Orleans Hornets,89
400277770,2016/11/6,Chicago Bulls,99,Orlando Magic,93
400277786,2016/11/8,Chicago Bulls,91,Oklahoma City Thunder,97
400277804,2016/11/10,Chicago Bulls,87,Minnesota Timberwolves,80
400277865,2016/11/18,Portland Trail Blazers,102,Chicago Bulls,94
400277885,2016/11/21,Houston Rockets,93,Chicago Bulls,89
400277908,2016/11/24,Milwaukee Bucks,86,Chicago Bulls,93
400277919,2016/11/26,Chicago Bulls,92,Milwaukee Bucks,93
400277934,2016/11/28,Chicago Bulls,101,Dallas Mavericks,78
400277974,2016/12/4,Chicago Bulls,76,Indiana Pacers,80
400277982,2016/12/5,Cleveland Cavaliers,85,Chicago Bulls,95
400277994,2016/12/7,Detroit Pistons,104,Chicago Bulls,108
400278073,2016/12/17,Memphis Grizzlies,80,Chicago Bulls,71
400278111,2016/12/22,Atlanta Hawks,92,Chicago Bulls,75
400278128,2016/12/25,Chicago Bulls,97,Houston Rockets,120
400278161,2016/12/29,Chicago Bulls,87,Washington Wizards,77
400278173,2016/12/31,Chicago Bulls,81,Charlotte Bobcats,91
400278185,2016/1/2,Orlando Magic,94,Chicago Bulls,96
400278201,2016/1/4,Miami Heat,89,Chicago Bulls,96
400278226,2016/1/7,Chicago Bulls,118,Cleveland Cavaliers,92
400278240,2016/1/9,Chicago Bulls,96,Milwaukee Bucks,104
400278278,2016/1/14,Chicago Bulls,97,Atlanta Hawks,58
400278315,2016/1/19,Chicago Bulls,82,Memphis Grizzlies,85
400278340,2016/1/23,Chicago Bulls,85,Detroit Pistons,82
400278364,2016/1/26,Washington Wizards,86,Chicago Bulls,73
400278383,2016/1/28,Chicago Bulls,93,Charlotte Bobcats,85
400278396,2016/1/30,Milwaukee Bucks,88,Chicago Bulls,104
400278416,2016/2/2,Atlanta Hawks,76,Chicago Bulls,93
400440940,2016/2/4,Indiana Pacers,111,Chicago Bulls,101
400278454,2016/2/7,Denver Nuggets,128,Chicago Bulls,96
400278466,2016/2/8,Utah Jazz,89,Chicago Bulls,93
400278486,2016/2/11,Chicago Bulls,89,San Antonio Spurs,103
400278513,2016/2/19,New Orleans Hornets,87,Chicago Bulls,96
400278529,2016/2/21,Chicago Bulls,67,Miami Heat,86
400278533,2016/2/22,Charlotte Bobcats,75,Chicago Bulls,105
400278558,2016/2/24,Oklahoma City Thunder,102,Chicago Bulls,72
400278566,2016/2/26,Chicago Bulls,98,Cleveland Cavaliers,101
400278607,2016/3/3,Indiana Pacers,97,Chicago Bulls,92
400278629,2016/3/6,San Antonio Spurs,101,Chicago Bulls,83
400278642,2016/3/8,Chicago Bulls,89,Utah Jazz,88
400278719,2016/3/18,Chicago Bulls,118,Denver Nuggets,119
400278739,2016/3/21,Chicago Bulls,89,Portland Trail Blazers,99
400278755,2016/3/23,Chicago Bulls,87,Indiana Pacers,84
400278764,2016/3/24,Minnesota Timberwolves,97,Chicago Bulls,104
400278782,2016/3/27,Chicago Bulls,101,Miami Heat,97
400278805,2016/3/30,Dallas Mavericks,100,Chicago Bulls,98
400278817,2016/3/31,Chicago Bulls,95,Detroit Pistons,94
400278828,2016/4/2,Washington Wizards,90,Chicago Bulls,86
400278851,2016/4/5,Chicago Bulls,87,Orlando Magic,86
400278870,2016/4/7,Detroit Pistons,99,Chicago Bulls,85
400277721,2016/10/30,Cleveland Cavaliers,94,Washington Wizards,84
400277753,2016/11/3,Milwaukee Bucks,105,Cleveland Cavaliers,102
400277813,2016/11/11,Oklahoma City Thunder,106,Cleveland Cavaliers,91
400277855,2016/11/17,Cleveland Cavaliers,95,Dallas Mavericks,103
400277892,2016/11/23,Orlando Magic,108,Cleveland Cavaliers,104
400277906,2016/11/24,Miami Heat,110,Cleveland Cavaliers,108
400277920,2016/11/26,Memphis Grizzlies,84,Cleveland Cavaliers,78
400277947,2016/11/30,Atlanta Hawks,111,Cleveland Cavaliers,113
400277954,2016/12/1,Cleveland Cavaliers,117,Portland Trail Blazers,118
400277966,2016/12/3,Detroit Pistons,89,Cleveland Cavaliers,79
400277996,2016/12/7,Minnesota Timberwolves,91,Cleveland Cavaliers,73
400278007,2016/12/8,Cleveland Cavaliers,97,Detroit Pistons,104
400278031,2016/12/12,Indiana Pacers,96,Cleveland Cavaliers,81
400278049,2016/12/14,Cleveland Cavaliers,86,Milwaukee Bucks,90
400278105,2016/12/21,Cleveland Cavaliers,89,Indiana Pacers,99
400278115,2016/12/22,Milwaukee Bucks,82,Cleveland Cavaliers,94
400278130,2016/12/26,Washington Wizards,84,Cleveland Cavaliers,87
400278149,2016/12/28,Cleveland Cavaliers,94,Atlanta Hawks,102
400278200,2016/1/4,Charlotte Bobcats,104,Cleveland Cavaliers,106
400278213,2016/1/5,Cleveland Cavaliers,104,Houston Rockets,112
400278238,2016/1/9,Cleveland Cavaliers,99,Atlanta Hawks,83
400278258,2016/1/11,Denver Nuggets,98,Cleveland Cavaliers,91
400278298,2016/1/16,Portland Trail Blazers,88,Cleveland Cavaliers,93
400278318,2016/1/19,Utah Jazz,109,Cleveland Cavaliers,98
400278355,2016/1/25,Cleveland Cavaliers,113,Milwaukee Bucks,108
400278410,2016/2/1,Detroit Pistons,117,Cleveland Cavaliers,99
400278418,2016/2/2,Cleveland Cavaliers,115,Oklahoma City Thunder,110
400278444,2016/2/6,Cleveland Cavaliers,122,Charlotte Bobcats,95
400278460,2016/2/8,Cleveland Cavaliers,119,Orlando Magic,108
400278467,2016/2/9,Cleveland Cavaliers,103,Denver Nuggets,111
400278483,2016/2/11,Cleveland Cavaliers,92,Minnesota Timberwolves,100
400278496,2016/2/13,Cleveland Cavaliers,95,San Antonio Spurs,96
400278520,2016/2/20,Cleveland Cavaliers,105,New Orleans Hornets,100
400278545,2016/2/23,Orlando Magic,94,Cleveland Cavaliers,118
400278553,2016/2/24,Miami Heat,109,Cleveland Cavaliers,105
400278620,2016/3/6,Cleveland Cavaliers,104,Utah Jazz,101
400278640,2016/3/8,Cleveland Cavaliers,92,Memphis Grizzlies,103
400278670,2016/3/12,Cleveland Cavaliers,95,Washington Wizards,90
400278696,2016/3/15,Dallas Mavericks,96,Cleveland Cavaliers,86
400278702,2016/3/16,San Antonio Spurs,119,Cleveland Cavaliers,113
400278715,2016/3/18,Cleveland Cavaliers,90,Indiana Pacers,111
400278729,2016/3/20,Cleveland Cavaliers,95,Miami Heat,98
400278748,2016/3/22,Houston Rockets,116,Cleveland Cavaliers,78
400278816,2016/3/31,New Orleans Hornets,112,Cleveland Cavaliers,92
400278821,2016/4/1,Atlanta Hawks,102,Cleveland Cavaliers,94
400278868,2016/4/7,Cleveland Cavaliers,91,Orlando Magic,85
400277726,2016/10/31,Detroit Pistons,96,Houston Rockets,105
400277772,2016/11/6,Denver Nuggets,109,Detroit Pistons,97
400277795,2016/11/9,Oklahoma City Thunder,105,Detroit Pistons,94
400277805,2016/11/10,Houston Rockets,96,Detroit Pistons,82
400277817,2016/11/12,Detroit Pistons,90,Oklahoma City Thunder,92
400277843,2016/11/16,Detroit Pistons,106,Orlando Magic,110
400277878,2016/11/21,Orlando Magic,90,Detroit Pistons,74
400277918,2016/11/26,Detroit Pistons,108,Portland Trail Blazers,101
400277948,2016/11/30,Memphis Grizzlies,90,Detroit Pistons,78
400277960,2016/12/1,Dallas Mavericks,92,Detroit Pistons,77
400278026,2016/12/11,Detroit Pistons,94,Denver Nuggets,101
400278060,2016/12/15,Detroit Pistons,77,Indiana Pacers,88
400278104,2016/12/21,Detroit Pistons,100,Washington Wizards,68
400278110,2016/12/22,Washington Wizards,87,Detroit Pistons,96
400278134,2016/12/26,Atlanta Hawks,126,Detroit Pistons,119
400278148,2016/12/28,Detroit Pistons,109,Miami Heat,99
400278168,2016/12/30,Detroit Pistons,96,Milwaukee Bucks,94
400278202,2016/1/4,Detroit Pistons,85,Atlanta Hawks,84
400278221,2016/1/6,Detroit Pistons,101,Charlotte Bobcats,108
400278257,2016/1/11,Milwaukee Bucks,87,Detroit Pistons,103
400278265,2016/1/12,Detroit Pistons,87,Utah Jazz,90
400278335,2016/1/22,Detroit Pistons,105,Orlando Magic,90
400278354,2016/1/25,Miami Heat,110,Detroit Pistons,88
400278374,2016/1/27,Orlando Magic,102,Detroit Pistons,104
400278387,2016/1/29,Detroit Pistons,90,Milwaukee Bucks,117
400278391,2016/1/30,Indiana Pacers,98,Detroit Pistons,79
400278459,2016/2/8,Detroit Pistons,119,San Antonio Spurs,109
400278469,2016/2/9,Milwaukee Bucks,100,Detroit Pistons,105
400278485,2016/2/11,Detroit Pistons,86,New Orleans Hornets,105
400278501,2016/2/13,Detroit Pistons,96,Washington Wizards,85
400278512,2016/2/19,Detroit Pistons,91,Memphis Grizzlies,105
400278519,2016/2/20,Charlotte Bobcats,99,Detroit Pistons,105
400278534,2016/2/22,Indiana Pacers,114,Detroit Pistons,82
400278547,2016/2/23,Detroit Pistons,72,Indiana Pacers,90
400278560,2016/2/25,Detroit Pistons,103,Atlanta Hawks,114
400278574,2016/2/27,Washington Wizards,95,Detroit Pistons,96
400278591,2016/3/1,New Orleans Hornets,100,Detroit Pistons,95
400278606,2016/3/3,San Antonio Spurs,114,Detroit Pistons,75
400278639,2016/3/8,Detroit Pistons,99,Dallas Mavericks,102
400278665,2016/3/11,Utah Jazz,103,Detroit Pistons,90
400278704,2016/3/16,Portland Trail Blazers,112,Detroit Pistons,101
400278746,2016/3/22,Miami Heat,103,Detroit Pistons,89
400278753,2016/3/23,Charlotte Bobcats,91,Detroit Pistons,92
400278775,2016/3/26,Detroit Pistons,82,Minnesota Timberwolves,105
400278861,2016/4/6,Minnesota Timberwolves,107,Detroit Pistons,101
400277735,2016/11/2,Charlotte Bobcats,90,Indiana Pacers,89
400277767,2016/11/5,San Antonio Spurs,101,Indiana Pacers,79
400277775,2016/11/7,Atlanta Hawks,89,Indiana Pacers,86
400277796,2016/11/9,Minnesota Timberwolves,96,Indiana Pacers,94
400277802,2016/11/10,Indiana Pacers,89,Washington Wizards,85
400277831,2016/11/14,Milwaukee Bucks,99,Indiana Pacers,85
400277844,2016/11/16,Indiana Pacers,103,Dallas Mavericks,83
400277867,2016/11/19,Washington Wizards,89,Indiana Pacers,96
400277880,2016/11/21,Indiana Pacers,115,New Orleans Hornets,107
400277896,2016/11/23,Indiana Pacers,97,San Antonio Spurs,104
400277978,2016/12/5,Indiana Pacers,99,Portland Trail Blazers,92
400277991,2016/12/7,Indiana Pacers,89,Denver Nuggets,92
400278014,2016/12/9,Oklahoma City Thunder,104,Indiana Pacers,93
400278081,2016/12/18,Milwaukee Bucks,98,Indiana Pacers,93
400278089,2016/12/19,Indiana Pacers,104,Utah Jazz,84
400278113,2016/12/22,New Orleans Hornets,75,Indiana Pacers,81
400278158,2016/12/29,Atlanta Hawks,109,Indiana Pacers,100
400278172,2016/12/31,Indiana Pacers,88,Memphis Grizzlies,83
400278187,2016/1/2,Indiana Pacers,89,Washington Wizards,81
400278211,2016/1/5,Indiana Pacers,95,Milwaukee Bucks,80
400278232,2016/1/8,Indiana Pacers,87,Miami Heat,77
400278263,2016/1/12,Indiana Pacers,96,Charlotte Bobcats,88
400278285,2016/1/15,Charlotte Bobcats,76,Indiana Pacers,103
400278291,2016/1/16,Orlando Magic,97,Indiana Pacers,86
400278307,2016/1/18,Indiana Pacers,105,Houston Rockets,95
400278325,2016/1/21,Memphis Grizzlies,81,Indiana Pacers,82
400278347,2016/1/23,Portland Trail Blazers,100,Indiana Pacers,80
400278370,2016/1/26,Utah Jazz,114,Indiana Pacers,110
400278384,2016/1/28,Denver Nuggets,102,Indiana Pacers,101
400278405,2016/2/1,Indiana Pacers,102,Miami Heat,89
400278435,2016/2/5,Indiana Pacers,114,Atlanta Hawks,103
400278497,2016/2/13,Indiana Pacers,101,Charlotte Bobcats,77
400278636,2016/3/8,Orlando Magic,86,Indiana Pacers,115
400278658,2016/3/10,Miami Heat,105,Indiana Pacers,91
400278678,2016/3/13,Indiana Pacers,107,Minnesota Timberwolves,91
400278724,2016/3/19,Indiana Pacers,95,Orlando Magic,73
400278744,2016/3/22,Indiana Pacers,102,Milwaukee Bucks,78
400278770,2016/3/25,Indiana Pacers,100,Atlanta Hawks,94
400278784,2016/3/27,Houston Rockets,91,Indiana Pacers,100
400278792,2016/3/28,Dallas Mavericks,78,Indiana Pacers,103
400278850,2016/4/5,Indiana Pacers,75,Oklahoma City Thunder,97
400278858,2016/4/6,Washington Wizards,104,Indiana Pacers,85
400277777,2016/11/7,Milwaukee Bucks,90,Memphis Grizzlies,108
400277788,2016/11/9,Washington Wizards,91,Milwaukee Bucks,101
400277856,2016/11/17,Milwaukee Bucks,117,New Orleans Hornets,113
400277868,2016/11/19,Charlotte Bobcats,102,Milwaukee Bucks,98
400277883,2016/11/21,Miami Heat,113,Milwaukee Bucks,106
400277950,2016/11/30,Minnesota Timberwolves,95,Milwaukee Bucks,85
400277967,2016/12/3,New Orleans Hornets,102,Milwaukee Bucks,81
400277984,2016/12/5,San Antonio Spurs,110,Milwaukee Bucks,99
400277997,2016/12/7,Milwaukee Bucks,108,Charlotte Bobcats,93
400278094,2016/12/19,Memphis Grizzlies,90,Milwaukee Bucks,80
400278165,2016/12/29,Milwaukee Bucks,104,Miami Heat,85
400278190,2016/1/2,Milwaukee Bucks,110,San Antonio Spurs,117
400278206,2016/1/4,Milwaukee Bucks,101,Houston Rockets,115
400278319,2016/1/19,Portland Trail Blazers,104,Milwaukee Bucks,110
400278421,2016/2/2,Milwaukee Bucks,107,Orlando Magic,98
400278439,2016/2/5,Denver Nuggets,112,Milwaukee Bucks,104
400278452,2016/2/6,Utah Jazz,100,Milwaukee Bucks,86
400278487,2016/2/11,Milwaukee Bucks,90,Washington Wizards,102
400278548,2016/2/23,Milwaukee Bucks,102,Atlanta Hawks,103
400278568,2016/2/26,Dallas Mavericks,90,Milwaukee Bucks,95
400278576,2016/2/27,Houston Rockets,107,Milwaukee Bucks,110
400278610,2016/3/4,Milwaukee Bucks,109,Utah Jazz,108
400278673,2016/3/12,Milwaukee Bucks,108,Dallas Mavericks,115
400278677,2016/3/13,Washington Wizards,106,Milwaukee Bucks,93
400278695,2016/3/15,Milwaukee Bucks,94,Miami Heat,107
400278706,2016/3/17,Milwaukee Bucks,115,Orlando Magic,109
400278725,2016/3/19,Milwaukee Bucks,102,Portland Trail Blazers,95
400278731,2016/3/20,Atlanta Hawks,98,Milwaukee Bucks,90
400278760,2016/3/24,Milwaukee Bucks,99,Atlanta Hawks,104
400278810,2016/3/30,Milwaukee Bucks,99,Oklahoma City Thunder,109
400278822,2016/4/1,Milwaukee Bucks,131,Charlotte Bobcats,102
400278836,2016/4/3,Milwaukee Bucks,98,Minnesota Timberwolves,107
400277729,2016/10/31,Utah Jazz,113,Dallas Mavericks,94
400277754,2016/11/3,Dallas Mavericks,126,Charlotte Bobcats,99
400277766,2016/11/5,Dallas Mavericks,114,Portland Trail Blazers,91
400277803,2016/11/10,Charlotte Bobcats,101,Dallas Mavericks,97
400277820,2016/11/12,Dallas Mavericks,82,Minnesota Timberwolves,90
400277835,2016/11/14,Dallas Mavericks,107,Washington Wizards,101
400278010,2016/12/8,Houston Rockets,109,Dallas Mavericks,116
400278062,2016/12/15,Minnesota Timberwolves,114,Dallas Mavericks,106
400278098,2016/12/20,Dallas Mavericks,95,Miami Heat,110
400278106,2016/12/21,Memphis Grizzlies,92,Dallas Mavericks,82
400278122,2016/12/23,San Antonio Spurs,129,Dallas Mavericks,91
400278143,2016/12/27,Oklahoma City Thunder,111,Dallas Mavericks,105
400278151,2016/12/28,Dallas Mavericks,85,Denver Nuggets,106
400278169,2016/12/30,Dallas Mavericks,86,San Antonio Spurs,111
400278178,2016/1/1,Washington Wizards,94,Dallas Mavericks,103
400278189,2016/1/2,Miami Heat,119,Dallas Mavericks,109
400278215,2016/1/5,Dallas Mavericks,96,New Orleans Hornets,99
400278228,2016/1/7,Utah Jazz,100,Dallas Mavericks,94
400278267,2016/1/12,Dallas Mavericks,104,Memphis Grizzlies,83
400278280,2016/1/14,Dallas Mavericks,113,Minnesota Timberwolves,98
400278295,2016/1/16,Dallas Mavericks,105,Houston Rockets,100
400278312,2016/1/18,Dallas Mavericks,114,Oklahoma City Thunder,117
400278322,2016/1/20,Orlando Magic,105,Dallas Mavericks,111
400278359,2016/1/25,Dallas Mavericks,107,San Antonio Spurs,113
400278388,2016/1/29,Portland Trail Blazers,106,Dallas Mavericks,104
400278432,2016/2/4,Oklahoma City Thunder,112,Dallas Mavericks,91
400278450,2016/2/6,Dallas Mavericks,105,Portland Trail Blazers,99
400278488,2016/2/11,Dallas Mavericks,101,Atlanta Hawks,105
400278526,2016/2/20,Dallas Mavericks,111,Orlando Magic,96
400278538,2016/2/22,New Orleans Hornets,100,Dallas Mavericks,104
400278575,2016/2/27,Memphis Grizzlies,90,Dallas Mavericks,84
400278605,2016/3/3,Houston Rockets,136,Dallas Mavericks,103
400278628,2016/3/6,Dallas Mavericks,112,Houston Rockets,108
400278660,2016/3/10,Minnesota Timberwolves,77,Dallas Mavericks,100
400278687,2016/3/14,San Antonio Spurs,92,Dallas Mavericks,91
400278710,2016/3/17,Dallas Mavericks,101,Oklahoma City Thunder,107
400278716,2016/3/18,Atlanta Hawks,113,Dallas Mavericks,127
400278765,2016/3/24,Dallas Mavericks,113,Utah Jazz,108
400278844,2016/4/4,Denver Nuggets,95,Dallas Mavericks,94
400278873,2016/4/7,Portland Trail Blazers,91,Dallas Mavericks,96
400277738,2016/11/2,Atlanta Hawks,102,Houston Rockets,109
400277752,2016/11/3,Houston Rockets,85,Portland Trail Blazers,95
400277779,2016/11/7,Houston Rockets,87,Denver Nuggets,93
400277793,2016/11/9,Memphis Grizzlies,93,Houston Rockets,85
400277819,2016/11/12,Houston Rockets,110,Miami Heat,113
400277832,2016/11/14,Houston Rockets,100,New Orleans Hornets,96
400277849,2016/11/16,Portland Trail Blazers,119,Houston Rockets,117
400277873,2016/11/19,Utah Jazz,102,Houston Rockets,91
400277938,2016/11/28,Oklahoma City Thunder,120,Houston Rockets,98
400277957,2016/12/1,Houston Rockets,124,Utah Jazz,116
400277998,2016/12/7,San Antonio Spurs,114,Houston Rockets,92
400278021,2016/12/10,Houston Rockets,126,San Antonio Spurs,134
400278037,2016/12/12,Houston Rockets,99,Washington Wizards,93
400278114,2016/12/22,Houston Rockets,121,Memphis Grizzlies,96
400278137,2016/12/26,Minnesota Timberwolves,84,Houston Rockets,87
400278152,2016/12/28,San Antonio Spurs,122,Houston Rockets,116
400278163,2016/12/29,Houston Rockets,94,Oklahoma City Thunder,124
400278175,2016/12/31,Houston Rockets,123,Atlanta Hawks,104
400278191,2016/1/2,Houston Rockets,104,New Orleans Hornets,92
400278241,2016/1/9,New Orleans Hornets,88,Houston Rockets,79
400278317,2016/1/19,Minnesota Timberwolves,92,Houston Rockets,79
400278327,2016/1/21,Charlotte Bobcats,94,Houston Rockets,100
400278342,2016/1/23,Houston Rockets,95,Denver Nuggets,105
400278358,2016/1/25,New Orleans Hornets,82,Houston Rockets,100
400278385,2016/1/28,Utah Jazz,80,Houston Rockets,125
400278399,2016/1/30,Denver Nuggets,118,Houston Rockets,110
400278419,2016/2/2,Houston Rockets,109,Charlotte Bobcats,95
400278446,2016/2/6,Miami Heat,114,Houston Rockets,108
400278463,2016/2/8,Houston Rockets,118,Portland Trail Blazers,103
400278524,2016/2/20,Houston Rockets,122,Oklahoma City Thunder,119
400278543,2016/2/23,Washington Wizards,105,Houston Rockets,103
400278586,2016/3/1,Orlando Magic,110,Houston Rockets,118
400278693,2016/3/15,Houston Rockets,108,Minnesota Timberwolves,100
400278734,2016/3/20,Houston Rockets,100,Utah Jazz,93
400278762,2016/3/24,Houston Rockets,96,San Antonio Spurs,95
400278799,2016/3/29,Memphis Grizzlies,103,Houston Rockets,94
400278824,2016/4/1,Houston Rockets,111,Orlando Magic,103
400278856,2016/4/5,Portland Trail Blazers,98,Houston Rockets,116
400278864,2016/4/6,Denver Nuggets,132,Houston Rockets,114
400277765,2016/11/5,Memphis Grizzlies,103,Utah Jazz,94
400277812,2016/11/11,Memphis Grizzlies,104,Miami Heat,86
400277833,2016/11/14,Oklahoma City Thunder,97,Memphis Grizzlies,107
400277854,2016/11/17,Charlotte Bobcats,87,Memphis Grizzlies,94
400277870,2016/11/19,Memphis Grizzlies,92,Denver Nuggets,97
400277959,2016/12/1,San Antonio Spurs,99,Memphis Grizzlies,95
400277995,2016/12/7,New Orleans Hornets,89,Memphis Grizzlies,96
400278009,2016/12/8,Memphis Grizzlies,83,Atlanta Hawks,93
400278055,2016/12/14,Denver Nuggets,99,Memphis Grizzlies,94
400278065,2016/12/15,Utah Jazz,86,Memphis Grizzlies,99
400278162,2016/12/29,Memphis Grizzlies,81,Denver Nuggets,72
400278204,2016/1/4,Memphis Grizzlies,84,Portland Trail Blazers,86
400278255,2016/1/11,Memphis Grizzlies,101,San Antonio Spurs,98
400278296,2016/1/16,San Antonio Spurs,103,Memphis Grizzlies,82
400278375,2016/1/27,Memphis Grizzlies,83,New Orleans Hornets,91
400278402,2016/1/31,Oklahoma City Thunder,106,Memphis Grizzlies,89
400278411,2016/2/1,Memphis Grizzlies,85,Washington Wizards,76
400278445,2016/2/6,Atlanta Hawks,103,Memphis Grizzlies,92
400278477,2016/2/10,Memphis Grizzlies,105,Minnesota Timberwolves,88
400278537,2016/2/22,Memphis Grizzlies,88,Orlando Magic,82
400278588,2016/3/1,Miami Heat,98,Memphis Grizzlies,91
400278603,2016/3/3,Orlando Magic,82,Memphis Grizzlies,108
400278625,2016/3/6,Memphis Grizzlies,91,Portland Trail Blazers,85
400278650,2016/3/9,Memphis Grizzlies,96,New Orleans Hornets,85
400278675,2016/3/12,Portland Trail Blazers,97,Memphis Grizzlies,102
400278697,2016/3/15,Denver Nuggets,87,Memphis Grizzlies,80
400278703,2016/3/16,Utah Jazz,90,Memphis Grizzlies,84
400278720,2016/3/18,Memphis Grizzlies,92,Minnesota Timberwolves,77
400278732,2016/3/20,Memphis Grizzlies,90,Oklahoma City Thunder,89
400278747,2016/3/22,New Orleans Hornets,90,Memphis Grizzlies,83
400278768,2016/3/25,Washington Wizards,107,Memphis Grizzlies,94
400278809,2016/3/30,Minnesota Timberwolves,86,Memphis Grizzlies,99
400278823,2016/4/1,Memphis Grizzlies,92,San Antonio Spurs,90
400278840,2016/4/3,Portland Trail Blazers,76,Memphis Grizzlies,94
400277728,2016/10/31,New Orleans Hornets,95,San Antonio Spurs,99
400277741,2016/11/2,New Orleans Hornets,88,Utah Jazz,86
400277794,2016/11/9,New Orleans Hornets,107,Charlotte Bobcats,99
400277845,2016/11/16,New Orleans Hornets,95,Oklahoma City Thunder,110
400277916,2016/11/25,Denver Nuggets,102,New Orleans Hornets,84
400277937,2016/11/28,New Orleans Hornets,84,Utah Jazz,96
400277956,2016/12/1,New Orleans Hornets,79,Oklahoma City Thunder,100
400278006,2016/12/8,Miami Heat,106,New Orleans Hornets,90
400278027,2016/12/11,New Orleans Hornets,70,Washington Wizards,77
400278038,2016/12/12,Oklahoma City Thunder,92,New Orleans Hornets,88
400278051,2016/12/14,New Orleans Hornets,102,Minnesota Timberwolves,113
400278069,2016/12/16,Portland Trail Blazers,95,New Orleans Hornets,94
400278107,2016/12/21,San Antonio Spurs,99,New Orleans Hornets,94
400278132,2016/12/26,Orlando Magic,94,New Orleans Hornets,97
400278157,2016/12/29,Charlotte Bobcats,95,New Orleans Hornets,98
400278181,2016/1/1,New Orleans Hornets,86,Atlanta Hawks,95
400278227,2016/1/7,New Orleans Hornets,95,San Antonio Spurs,88
400278256,2016/1/11,New Orleans Hornets,104,Minnesota Timberwolves,92
400278344,2016/1/23,San Antonio Spurs,106,New Orleans Hornets,102
400278400,2016/1/30,Utah Jazz,104,New Orleans Hornets,99
400278412,2016/2/1,Denver Nuggets,113,New Orleans Hornets,98
400278420,2016/2/2,Minnesota Timberwolves,115,New Orleans Hornets,86
400278458,2016/2/8,Atlanta Hawks,100,New Orleans Hornets,111
400278503,2016/2/13,New Orleans Hornets,99,Portland Trail Blazers,63
400278577,2016/2/27,Oklahoma City Thunder,119,New Orleans Hornets,74
400278611,2016/3/4,New Orleans Hornets,102,Orlando Magic,105
400278659,2016/3/10,New Orleans Hornets,98,Portland Trail Blazers,96
400278690,2016/3/15,Washington Wizards,96,New Orleans Hornets,87
400278709,2016/3/17,Minnesota Timberwolves,97,New Orleans Hornets,95
400278771,2016/3/25,New Orleans Hornets,110,Denver Nuggets,86
400278800,2016/3/29,New Orleans Hornets,89,Miami Heat,108
400278853,2016/4/5,Utah Jazz,95,New Orleans Hornets,83
400277734,2016/11/1,San Antonio Spurs,86,Oklahoma City Thunder,84
400277755,2016/11/3,San Antonio Spurs,110,Utah Jazz,100
400277808,2016/11/10,Portland Trail Blazers,109,San Antonio Spurs,112
400277857,2016/11/17,San Antonio Spurs,126,Denver Nuggets,100
400277917,2016/11/26,Washington Wizards,92,San Antonio Spurs,118
400277930,2016/11/28,Orlando Magic,89,San Antonio Spurs,110
400277940,2016/11/29,Miami Heat,105,San Antonio Spurs,100
400278004,2016/12/8,Charlotte Bobcats,102,San Antonio Spurs,132
400278041,2016/12/12,Utah Jazz,99,San Antonio Spurs,96
400278044,2016/12/13,Portland Trail Blazers,98,San Antonio Spurs,90
400278074,2016/12/17,Oklahoma City Thunder,107,San Antonio Spurs,93
400278083,2016/12/18,Denver Nuggets,112,San Antonio Spurs,106
400278272,2016/1/13,San Antonio Spurs,106,Minnesota Timberwolves,88
400278314,2016/1/19,Atlanta Hawks,93,San Antonio Spurs,98
400278398,2016/1/30,San Antonio Spurs,102,Charlotte Bobcats,78
400278422,2016/2/2,San Antonio Spurs,96,Washington Wizards,86
400278451,2016/2/6,Minnesota Timberwolves,94,San Antonio Spurs,104
400278643,2016/3/8,San Antonio Spurs,106,Portland Trail Blazers,136
400278664,2016/3/11,San Antonio Spurs,105,Oklahoma City Thunder,93
400278674,2016/3/12,Minnesota Timberwolves,107,San Antonio Spurs,83
400278750,2016/3/22,San Antonio Spurs,104,Utah Jazz,97
400278787,2016/3/27,San Antonio Spurs,100,Denver Nuggets,99
400278818,2016/3/31,San Antonio Spurs,86,Miami Heat,88
400278837,2016/4/3,San Antonio Spurs,98,Orlando Magic,84
400278845,2016/4/4,Oklahoma City Thunder,100,San Antonio Spurs,88
400278863,2016/4/6,San Antonio Spurs,99,Atlanta Hawks,97
400277760,2016/11/4,Oklahoma City Thunder,95,Atlanta Hawks,104
400277792,2016/11/9,Atlanta Hawks,89,Miami Heat,95
400277822,2016/11/12,Portland Trail Blazers,87,Atlanta Hawks,95
400277869,2016/11/19,Atlanta Hawks,81,Orlando Magic,72
400277882,2016/11/21,Atlanta Hawks,101,Washington Wizards,100
400277891,2016/11/23,Charlotte Bobcats,91,Atlanta Hawks,101
400277932,2016/11/28,Atlanta Hawks,94,Charlotte Bobcats,91
400277980,2016/12/5,Atlanta Hawks,108,Denver Nuggets,104
400277993,2016/12/7,Atlanta Hawks,104,Washington Wizards,95
400278020,2016/12/10,Miami Heat,101,Atlanta Hawks,92
400278030,2016/12/12,Orlando Magic,80,Atlanta Hawks,86
400278042,2016/12/13,Atlanta Hawks,113,Charlotte Bobcats,90
400278076,2016/12/18,Washington Wizards,95,Atlanta Hawks,100
400278091,2016/12/19,Atlanta Hawks,92,Oklahoma City Thunder,100
400278235,2016/1/8,Minnesota Timberwolves,108,Atlanta Hawks,103
400278253,2016/1/11,Atlanta Hawks,103,Utah Jazz,95
400278262,2016/1/12,Washington Wizards,93,Atlanta Hawks,83
400278328,2016/1/21,Atlanta Hawks,104,Minnesota Timberwolves,96
400278338,2016/1/23,Charlotte Bobcats,92,Atlanta Hawks,104
400278495,2016/2/13,Orlando Magic,76,Atlanta Hawks,108
400278522,2016/2/20,Atlanta Hawks,90,Miami Heat,103
400278579,2016/2/27,Utah Jazz,91,Atlanta Hawks,102
400278613,2016/3/4,Denver Nuggets,104,Atlanta Hawks,88
400278672,2016/3/12,Miami Heat,98,Atlanta Hawks,81
400278745,2016/3/22,Atlanta Hawks,93,Portland Trail Blazers,104
400278806,2016/3/30,Atlanta Hawks,97,Orlando Magic,88
400277823,2016/11/13,Charlotte Bobcats,92,Washington Wizards,76
400277834,2016/11/14,Minnesota Timberwolves,87,Charlotte Bobcats,89
400277904,2016/11/24,Washington Wizards,106,Charlotte Bobcats,108
400277921,2016/11/26,Oklahoma City Thunder,114,Charlotte Bobcats,69
400277965,2016/12/3,Charlotte Bobcats,112,Portland Trail Blazers,118
400278056,2016/12/15,Charlotte Bobcats,98,Orlando Magic,107
400278116,2016/12/22,Denver Nuggets,110,Charlotte Bobcats,88
400278131,2016/12/26,Charlotte Bobcats,92,Miami Heat,105
400278237,2016/1/9,Charlotte Bobcats,102,Utah Jazz,112
400278306,2016/1/18,Orlando Magic,100,Charlotte Bobcats,106
400278365,2016/1/26,Charlotte Bobcats,102,Minnesota Timberwolves,101
400278431,2016/2/4,Miami Heat,99,Charlotte Bobcats,94
400278510,2016/2/19,Orlando Magic,92,Charlotte Bobcats,105
400278544,2016/2/23,Charlotte Bobcats,99,Denver Nuggets,113
400278593,2016/3/1,Utah Jazz,98,Charlotte Bobcats,68
400278614,2016/3/4,Portland Trail Blazers,122,Charlotte Bobcats,105
400278635,2016/3/8,Charlotte Bobcats,94,Oklahoma City Thunder,116
400278649,2016/3/9,Washington Wizards,104,Charlotte Bobcats,87
400278714,2016/3/18,Charlotte Bobcats,119,Washington Wizards,114
400278761,2016/3/24,Miami Heat,109,Charlotte Bobcats,77
400278779,2016/3/27,Charlotte Bobcats,114,Orlando Magic,108
400278846,2016/4/5,Charlotte Bobcats,79,Miami Heat,89
400277750,2016/11/3,Miami Heat,119,Denver Nuggets,116
400277841,2016/11/15,Denver Nuggets,93,Miami Heat,98
400277972,2016/12/4,Washington Wizards,105,Miami Heat,101
400278059,2016/12/15,Miami Heat,102,Washington Wizards,72
400278079,2016/12/18,Miami Heat,103,Minnesota Timberwolves,92
400278112,2016/12/22,Miami Heat,105,Utah Jazz,89
400278127,2016/12/25,Miami Heat,103,Oklahoma City Thunder,97
400278174,2016/12/31,Orlando Magic,110,Miami Heat,112
400278220,2016/1/6,Miami Heat,99,Washington Wizards,71
400278249,2016/1/10,Portland Trail Blazers,92,Miami Heat,90
400278281,2016/1/14,Utah Jazz,104,Miami Heat,97
400278490,2016/2/12,Miami Heat,117,Portland Trail Blazers,104
400278507,2016/2/14,Oklahoma City Thunder,100,Miami Heat,110
400278612,2016/3/4,Minnesota Timberwolves,81,Miami Heat,97
400278623,2016/3/6,Miami Heat,97,Orlando Magic,96
400278769,2016/3/25,Orlando Magic,94,Miami Heat,108
400277736,2016/11/2,Orlando Magic,102,Denver Nuggets,89
400277780,2016/11/7,Minnesota Timberwolves,90,Orlando Magic,75
400277985,2016/12/5,Utah Jazz,87,Orlando Magic,81
400278070,2016/12/17,Orlando Magic,102,Minnesota Timberwolves,93
400278088,2016/12/19,Orlando Magic,90,Washington Wizards,83
400278121,2016/12/23,Orlando Magic,93,Utah Jazz,97
400278145,2016/12/28,Washington Wizards,105,Orlando Magic,97
400278230,2016/1/7,Portland Trail Blazers,125,Orlando Magic,119
400278244,2016/1/9,Denver Nuggets,108,Orlando Magic,105
400278276,2016/1/14,Washington Wizards,120,Orlando Magic,91
400278476,2016/2/10,Orlando Magic,110,Portland Trail Blazers,104
400278694,2016/3/15,Oklahoma City Thunder,117,Orlando Magic,104
400278743,2016/3/22,Orlando Magic,89,Oklahoma City Thunder,97
400278794,2016/3/29,Orlando Magic,97,Washington Wizards,92
400277853,2016/11/17,Washington Wizards,76,Utah Jazz,83
400277929,2016/11/28,Washington Wizards,84,Portland Trail Blazers,82
400278224,2016/1/7,Washington Wizards,101,Oklahoma City Thunder,99
400278311,2016/1/18,Denver Nuggets,108,Washington Wizards,112
400278333,2016/1/21,Portland Trail Blazers,95,Washington Wizards,98
400278345,2016/1/23,Utah Jazz,92,Washington Wizards,88
400278352,2016/1/25,Washington Wizards,114,Minnesota Timberwolves,101
400278532,2016/2/22,Washington Wizards,119,Denver Nuggets,113
400278627,2016/3/6,Minnesota Timberwolves,87,Washington Wizards,82
400278785,2016/3/27,Oklahoma City Thunder,103,Washington Wizards,80
400277799,2016/11/9,Denver Nuggets,104,Utah Jazz,84
400277886,2016/11/21,Minnesota Timberwolves,94,Denver Nuggets,101
400277922,2016/11/26,Utah Jazz,105,Denver Nuggets,103
400278039,2016/12/12,Minnesota Timberwolves,108,Denver Nuggets,105
400278099,2016/12/20,Portland Trail Blazers,101,Denver Nuggets,93
400278197,2016/1/3,Denver Nuggets,97,Minnesota Timberwolves,101
400278217,2016/1/5,Denver Nuggets,110,Utah Jazz,91
400278288,2016/1/15,Denver Nuggets,115,Portland Trail Blazers,111
400278294,2016/1/16,Oklahoma City Thunder,117,Denver Nuggets,97
400278324,2016/1/20,Denver Nuggets,121,Oklahoma City Thunder,118
400278580,2016/2/27,Portland Trail Blazers,109,Denver Nuggets,111
400278595,2016/3/1,Denver Nuggets,105,Oklahoma City Thunder,103
400278651,2016/3/9,Denver Nuggets,111,Minnesota Timberwolves,88
400278726,2016/3/19,Oklahoma City Thunder,104,Denver Nuggets,114
400278838,2016/4/3,Utah Jazz,96,Denver Nuggets,113
400277902,2016/11/23,Portland Trail Blazers,103,Minnesota Timberwolves,95
400278097,2016/12/20,Minnesota Timberwolves,99,Oklahoma City Thunder,93
400278193,2016/1/2,Utah Jazz,106,Minnesota Timberwolves,84
400278214,2016/1/5,Minnesota Timberwolves,97,Portland Trail Blazers,102
400278243,2016/1/9,Oklahoma City Thunder,106,Minnesota Timberwolves,84
400278433,2016/2/4,Minnesota Timberwolves,98,Portland Trail Blazers,100
400278504,2016/2/13,Minnesota Timberwolves,93,Utah Jazz,97
400278539,2016/2/22,Oklahoma City Thunder,127,Minnesota Timberwolves,111
400278599,2016/3/2,Portland Trail Blazers,109,Minnesota Timberwolves,94
400278801,2016/3/29,Minnesota Timberwolves,101,Oklahoma City Thunder,93
400277742,2016/11/2,Oklahoma City Thunder,106,Portland Trail Blazers,92
400277949,2016/11/30,Oklahoma City Thunder,106,Utah Jazz,94
400278274,2016/1/13,Portland Trail Blazers,83,Oklahoma City Thunder,87
400278492,2016/2/12,Utah Jazz,109,Oklahoma City Thunder,94
400278682,2016/3/13,Oklahoma City Thunder,110,Utah Jazz,87
400278763,2016/3/24,Oklahoma City Thunder,103,Portland Trail Blazers,83
400278413,2016/2/1,Utah Jazz,86,Portland Trail Blazers,77
400278423,2016/2/2,Portland Trail Blazers,105,Utah Jazz,99
400278804,2016/3/29,Portland Trail Blazers,95,Utah Jazz,105
400278826,2016/4/1,Utah Jazz,112,Portland Trail Blazers,102
